stem	family	name	photo	crop_x	crop_y	source_url	author	license
aerial_asphalt_01	stone	Aerial Asphalt	aerial_asphalt_01_diff_4k.jpg	1325	985	https://polyhaven.com/a/aerial_asphalt_01	Rob Tuytel	CC0
asphalt_04	stone	Asphalt	asphalt_04.webp	17	0	https://polyhaven.com/a/asphalt_04	Jenelle van Heerden, Sergej Majboroda	CC0
asphalt_snow	stone	Snowy Asphalt	asphalt_snow.webp	495	0	https://polyhaven.com/a/asphalt_snow	eye-candy.xyz	CC0
dark_rock	stone	Dark Rock	dark_rock_diff_4k.jpg	2929	1842	https://polyhaven.com/a/dark_rock	Amal Kumar	CC0
gravel_embedded_concrete	stone	Gravel Concrete	gravel_embedded_concrete.webp	621	0	https://polyhaven.com/a/gravel_embedded_concrete	Charlotte Baglioni	CC0
marble_cliff_04	stone	Marble Cliff	marble_cliff_04_diff_4k.jpg	1372	856	https://polyhaven.com/a/marble_cliff_04	Amal Kumar	CC0
pebble_embedded_pavement	stone	Pebble Pavement	pebble_embedded_pavement.webp	155	0	https://polyhaven.com/a/pebble_embedded_pavement	Charlotte Baglioni	CC0
plastered_stone_wall	stone	Plastered Stone	plastered_stone_wall.webp	649	0	https://polyhaven.com/a/plastered_stone_wall	Rob Tuytel	CC0
rock_embedded_concrete_wall	stone	Rock Concrete	rock_embedded_concrete_wall.webp	317	0	https://polyhaven.com/a/rock_embedded_concrete_wall	Dimitrios Savva	CC0
rock_wall_09	stone	Rock Wall	rock_wall_09_diff_4k.jpg	1035	1749	https://polyhaven.com/a/rock_wall_09	Dimitrios Savva	CC0
stone_tiles	stone	Stone Tiles	stone_tiles_diff_4k.jpg	930	32	https://polyhaven.com/a/stone_tiles	Christopher Melani	CC0
worn_asphalt	stone	Worn Asphalt	worn_asphalt_diff_4k.jpg	1821	2121	https://polyhaven.com/a/worn_asphalt	Amal Kumar	CC0
snow_field_aerial	snow	Snow Field	snow_field_aerial_col_4k.jpg	2831	735	https://polyhaven.com/a/snow_field_aerial	Rob Tuytel	CC0
coral_fort_wall_02	concrete	Coral Fort	coral_fort_wall_02.webp	556	0	https://polyhaven.com/a/coral_fort_wall_02	Dimitrios Savva	CC0
brushed_concrete	concrete	Brushed Concrete	brushed_concrete.webp	459	0	https://polyhaven.com/a/brushed_concrete	Dario Barresi, Dimitrios Savva	CC0
brushed_concrete_04	concrete	Brushed Concrete 2	brushed_concrete_04.webp	499	0	https://polyhaven.com/a/brushed_concrete_04	Amal Kumar	CC0
concrete_floor_painted	concrete	Painted Floor	concrete_floor_painted.webp	681	0	https://polyhaven.com/a/concrete_floor_painted	Rob Tuytel	CC0
cracked_concrete_wall	concrete	Cracked Concrete	cracked_concrete_wall.webp	343	0	https://polyhaven.com/a/cracked_concrete_wall	Dimitrios Savva, Rico Cilliers	CC0
dirty_concrete	concrete	Dirty Concrete	dirty_concrete.webp	740	0	https://polyhaven.com/a/dirty_concrete	Rob Tuytel	CC0
hangar_concrete_floor	concrete	Hangar Floor	hangar_concrete_floor.webp	434	0	https://polyhaven.com/a/hangar_concrete_floor	Dimitrios Savva	CC0
painted_concrete	concrete	Painted Concrete	painted_concrete.webp	759	0	https://polyhaven.com/a/painted_concrete	Dario Barresi, Dimitrios Savva	CC0
patterned_clay_wall	plaster	Patterned Clay	patterned_clay_wall.webp	10	0	https://polyhaven.com/a/patterned_clay_wall	Dario Barresi, Dimitrios Savva, Rico Cilliers	CC0
rough_plaster_brick	plaster	Rough Plaster Brick	rough_plaster_brick.webp	245	0	https://polyhaven.com/a/rough_plaster_brick	Rob Tuytel	CC0
rough_plaster_brick_02	plaster	Rough Plaster Brick 2	rough_plaster_brick_02.webp	700	0	https://polyhaven.com/a/rough_plaster_brick_02	Rob Tuytel	CC0
worn_mossy_plasterwall	plaster	Mossy Plaster	worn_mossy_plasterwall.webp	579	0	https://polyhaven.com/a/worn_mossy_plasterwall	Amal Kumar	CC0
bamboo_wall	wood	Bamboo Wall	bamboo_wall_diff_4k.jpg	313	1013	https://polyhaven.com/a/bamboo_wall	Amal Kumar	CC0
bark_brown_02	wood	Brown Bark	bark_brown_02_diff_4k.jpg	2641	863	https://polyhaven.com/a/bark_brown_02	Rob Tuytel	CC0
black_walnut_veneer_03	wood	Black Walnut	black_walnut_veneer_03.webp	449	0	https://polyhaven.com/a/black_walnut_veneer_03	Jenelle van Heerden	CC0
wood_plank_wall	wood	Wood Plank Wall	wood_plank_wall_diff_4k.jpg	1662	2347	https://polyhaven.com/a/wood_plank_wall	Dimitrios Savva	CC0
decrepit_wallpaper	wallpaper	Decrepit Wallpaper	decrepit_wallpaper.webp	705	0	https://polyhaven.com/a/decrepit_wallpaper	Rob Tuytel	CC0
denim_fabric_06	fabric	Denim	denim_fabric_06_diff_4k.jpg	2281	441	https://polyhaven.com/a/denim_fabric_06	Greg Zaal, Rico Cilliers	CC0
faux_fur_geometric	fabric	Geometric Fur	faux_fur_geometric_diff_4k.jpg	2347	886	https://polyhaven.com/a/faux_fur_geometric	colormass, Rico Cilliers	CC0
floral_jacquard	fabric	Floral Jacquard	floral_jacquard_diff_4k.jpg	3060	449	https://polyhaven.com/a/floral_jacquard	colormass, Rico Cilliers	CC0
hessian_230	fabric	Hessian	hessian_230_diff_4k.jpg	1380	2582	https://polyhaven.com/a/hessian_230	colormass, Rico Cilliers	CC0
tatami_mat	fabric	Tatami Mat	tatami_mat_diff_4k.jpg	2073	3061	https://polyhaven.com/a/tatami_mat	Charlotte Baglioni	CC0
leather_red_03	leather	Red Leather	leather_red_03_coll1_4k.png	2069	1064	https://polyhaven.com/a/leather_red_03	Rob Tuytel	CC0
floor_pattern_02	tile	Patterned Floor	floor_pattern_02_diff_4k.jpg	1902	1874	https://polyhaven.com/a/floor_pattern_02	Rob Tuytel	CC0
rubber_tiles	tile	Rubber Tiles	rubber_tiles_diff_4k.jpg	71	2376	https://polyhaven.com/a/rubber_tiles	Amal Kumar	CC0
square_tiles_02	tile	Square Tiles	square_tiles_02_diff_4k.jpg	1545	1782	https://polyhaven.com/a/square_tiles_02	Charlotte Baglioni	CC0
reed_roof_03	thatch	Reed Roof	reed_roof_03_diff_4k.jpg	2603	2239	https://polyhaven.com/a/reed_roof_03	Rob Tuytel	CC0
